{
  "data": {
    "list": [
      {
        "ab": 4779,
        "bb": 553,
        "bbhp": 596,
        "bbkk": "0.52",
        "bra": "0.353",
        "cs": 27,
        "der": "0.673311",
        "err": 86,
        "gd": 107,
        "gyear": "2024",
        "h2": 212,
        "h3": 14,
        "hit": 1318,
        "hp": 43,
        "hr": 138,
        "hra": "0.276",
        "hrab": 0,
        "ib": 17,
        "iso": "0.137",
        "kk": 1071,
        "kkab": 0,
        "ops": "0.766",
        "pa": 5473,
        "rbi": 676,
        "run": 719,
        "sb": 60,
        "sbTryCn": 87,
        "sba": "0.69",
        "sf": 42,
        "sh": 56,
        "slab": 0,
        "slg": "0.413",
        "teamCode": "KT",
        "teamName": "KT"
      },
      {
        "ab": 4711,
        "bb": 501,
        "bbhp": 585,
        "bbkk": "0.46",
        "bra": "0.348",
        "cs": 28,
        "der": "0.685084",
        "err": 66,
        "gd": 87,
        "gyear": "2024",
        "h2": 195,
        "h3": 16,
        "hit": 1272,
        "hp": 84,
        "hr": 172,
        "hra": "0.270",
        "hrab": 0,
        "ib": 12,
        "iso": "0.158",
        "kk": 1091,
        "kkab": 0,
        "ops": "0.776",
        "pa": 5397,
        "rbi": 695,
        "run": 730,
        "sb": 110,
        "sbTryCn": 138,
        "sba": "0.797",
        "sf": 45,
        "sh": 56,
        "slab": 0,
        "slg": "0.428",
        "teamCode": "SS",
        "teamName": "삼성"
      },
      {
        "ab": 4673,
        "bb": 475,
        "bbhp": 551,
        "bbkk": "0.46",
        "bra": "0.349",
        "cs": 44,
        "der": "0.676759",
        "err": 67,
        "gd": 98,
        "gyear": "2024",
        "h2": 221,
        "h3": 21,
        "hit": 1291,
        "hp": 76,
        "hr": 138,
        "hra": "0.276",
        "hrab": 0,
        "ib": 17,
        "iso": "0.145",
        "kk": 1026,
        "kkab": 0,
        "ops": "0.770",
        "pa": 5329,
        "rbi": 687,
        "run": 727,
        "sb": 171,
        "sbTryCn": 215,
        "sba": "0.795",
        "sf": 58,
        "sh": 47,
        "slab": 0,
        "slg": "0.421",
        "teamCode": "OB",
        "teamName": "두산"
      }
    ]
  }
}
