{
  "data": {
    "list": [
      {
        "ab": 4852,
        "bb": 558,
        "bbhp": 604,
        "bbkk": "0.52",
        "bra": "0.354",
        "cs": 27,
        "der": "0.673197",
        "err": 87,
        "gd": 109,
        "gyear": "2024",
        "h2": 218,
        "h3": 14,
        "hit": 1341,
        "hp": 46,
        "hr": 140,
        "hra": "0.276",
        "hrab": 0,
        "ib": 17,
        "iso": "0.137",
        "kk": 1079,
        "kkab": 0,
        "ops": "0.768",
        "pa": 5555,
        "rbi": 684,
        "run": 729,
        "sb": 60,
        "sbTryCn": 87,
        "sba": "0.69",
        "sf": 42,
        "sh": 57,
        "slab": 0,
        "slg": "0.414",
        "teamCode": "KT",
        "teamName": "KT"
      },
      {
        "ab": 4778,
        "bb": 511,
        "bbhp": 596,
        "bbkk": "0.46",
        "bra": "0.348",
        "cs": 28,
        "der": "0.686391",
        "err": 66,
        "gd": 89,
        "gyear": "2024",
        "h2": 197,
        "h3": 16,
        "hit": 1289,
        "hp": 85,
        "hr": 176,
        "hra": "0.270",
        "hrab": 0,
        "ib": 13,
        "iso": "0.158",
        "kk": 1100,
        "kkab": 0,
        "ops": "0.776",
        "pa": 5478,
        "rbi": 706,
        "run": 742,
        "sb": 112,
        "sbTryCn": 140,
        "sba": "0.8",
        "sf": 47,
        "sh": 57,
        "slab": 0,
        "slg": "0.428",
        "teamCode": "SS",
        "teamName": "삼성"
      },
      {
        "ab": 4707,
        "bb": 482,
        "bbhp": 558,
        "bbkk": "0.47",
        "bra": "0.349",
        "cs": 45,
        "der": "0.676585",
        "err": 67,
        "gd": 98,
        "gyear": "2024",
        "h2": 225,
        "h3": 21,
        "hit": 1302,
        "hp": 76,
        "hr": 139,
        "hra": "0.277",
        "hrab": 0,
        "ib": 17,
        "iso": "0.145",
        "kk": 1030,
        "kkab": 0,
        "ops": "0.771",
        "pa": 5370,
        "rbi": 694,
        "run": 735,
        "sb": 174,
        "sbTryCn": 219,
        "sba": "0.795",
        "sf": 58,
        "sh": 47,
        "slab": 0,
        "slg": "0.422",
        "teamCode": "OB",
        "teamName": "두산"
      },
      {
        "ab": 4637,
        "bb": 590,
        "bbhp": 656,
        "bbkk": "0.64",
        "bra": "0.366",
        "cs": 78,
        "der": "0.673359",
        "err": 80,
        "gd": 91,
        "gyear": "2024",
        "h2": 224,
        "h3": 28,
        "hit": 1305,
        "hp": 66,
        "hr": 101,
        "hra": "0.281",
        "hrab": 0,
        "ib": 18,
        "iso": "0.126",
        "kk": 921,
        "kkab": 0,
        "ops": "0.773",
        "pa": 5407,
        "rbi": 709,
        "run": 750,
        "sb": 168,
        "sbTryCn": 246,
        "sba": "0.683",
        "sf": 71,
        "sh": 43,
        "slab": 0,
        "slg": "0.407",
        "teamCode": "LG",
        "teamName": "LG"
      },
      {
        "ab": 4717,
        "bb": 469,
        "bbhp": 544,
        "bbkk": "0.44",
        "bra": "0.337",
        "cs": 13,
        "der": "0.680378",
        "err": 95,
        "gd": 94,
        "gyear": "2024",
        "h2": 211,
        "h3": 20,
        "hit": 1247,
        "hp": 75,
        "hr": 97,
        "hra": "0.264",
        "hrab": 0,
        "ib": 10,
        "iso": "0.115",
        "kk": 1068,
        "kkab": 0,
        "ops": "0.716",
        "pa": 5344,
        "rbi": 600,
        "run": 631,
        "sb": 64,
        "sbTryCn": 77,
        "sba": "0.831",
        "sf": 46,
        "sh": 37,
        "slab": 0,
        "slg": "0.379",
        "teamCode": "WO",
        "teamName": "키움"
      },
      {
        "ab": 4798,
        "bb": 459,
        "bbhp": 518,
        "bbkk": "0.45",
        "bra": "0.350",
        "cs": 38,
        "der": "0.66559",
        "err": 110,
        "gd": 93,
        "gyear": "2024",
        "h2": 264,
        "h3": 39,
        "hit": 1363,
        "hp": 59,
        "hr": 121,
        "hra": "0.284",
        "hrab": 0,
        "ib": 12,
        "iso": "0.147",
        "kk": 1017,
        "kkab": 0,
        "ops": "0.781",
        "pa": 5407,
        "rbi": 713,
        "run": 756,
        "sb": 101,
        "sbTryCn": 139,
        "sba": "0.727",
        "sf": 54,
        "sh": 37,
        "slab": 0,
        "slg": "0.431",
        "teamCode": "LT",
        "teamName": "롯데"
      },
      {
        "ab": 4685,
        "bb": 446,
        "bbhp": 518,
        "bbkk": "0.43",
        "bra": "0.342",
        "cs": 37,
        "der": "0.680213",
        "err": 102,
        "gd": 81,
        "gyear": "2024",
        "h2": 221,
        "h3": 19,
        "hit": 1279,
        "hp": 72,
        "hr": 138,
        "hra": "0.273",
        "hrab": 0,
        "ib": 12,
        "iso": "0.144",
        "kk": 1026,
        "kkab": 0,
        "ops": "0.759",
        "pa": 5297,
        "rbi": 668,
        "run": 698,
        "sb": 138,
        "sbTryCn": 175,
        "sba": "0.789",
        "sf": 47,
        "sh": 47,
        "slab": 0,
        "slg": "0.417",
        "teamCode": "SK",
        "teamName": "SSG"
      },
      {
        "ab": 4689,
        "bb": 493,
        "bbhp": 617,
        "bbkk": "0.44",
        "bra": "0.355",
        "cs": 32,
        "der": "0.67573",
        "err": 84,
        "gd": 96,
        "gyear": "2024",
        "h2": 209,
        "h3": 14,
        "hit": 1285,
        "hp": 124,
        "hr": 164,
        "hra": "0.274",
        "hrab": 0,
        "ib": 14,
        "iso": "0.155",
        "kk": 1121,
        "kkab": 0,
        "ops": "0.785",
        "pa": 5409,
        "rbi": 703,
        "run": 737,
        "sb": 102,
        "sbTryCn": 134,
        "sba": "0.761",
        "sf": 53,
        "sh": 50,
        "slab": 0,
        "slg": "0.430",
        "teamCode": "NC",
        "teamName": "NC"
      },
      {
        "ab": 4886,
        "bb": 502,
        "bbhp": 560,
        "bbkk": "0.58",
        "bra": "0.370",
        "cs": 42,
        "der": "0.664196",
        "err": 118,
        "gd": 111,
        "gyear": "2024",
        "h2": 259,
        "h3": 26,
        "hit": 1472,
        "hp": 58,
        "hr": 158,
        "hra": "0.301",
        "hrab": 0,
        "ib": 18,
        "iso": "0.161",
        "kk": 865,
        "kkab": 0,
        "ops": "0.832",
        "pa": 5543,
        "rbi": 778,
        "run": 818,
        "sb": 122,
        "sbTryCn": 164,
        "sba": "0.744",
        "sf": 50,
        "sh": 45,
        "slab": 0,
        "slg": "0.462",
        "teamCode": "HT",
        "teamName": "KIA"
      },
      {
        "ab": 4730,
        "bb": 503,
        "bbhp": 585,
        "bbkk": "0.5",
        "bra": "0.348",
        "cs": 41,
        "der": "0.681543",
        "err": 88,
        "gd": 102,
        "gyear": "2024",
        "h2": 208,
        "h3": 17,
        "hit": 1279,
        "hp": 82,
        "hr": 123,
        "hra": "0.270",
        "hrab": 0,
        "ib": 15,
        "iso": "0.129",
        "kk": 1015,
        "kkab": 0,
        "ops": "0.748",
        "pa": 5394,
        "rbi": 664,
        "run": 708,
        "sb": 64,
        "sbTryCn": 105,
        "sba": "0.61",
        "sf": 38,
        "sh": 41,
        "slab": 0,
        "slg": "0.400",
        "teamCode": "HH",
        "teamName": "한화"
      }
    ]
  }
}
